<assembly xmlns="http://maven.apache.org/plugins/maven-assembly-plugin/assembly/1.1.0"
          xmlns:xsi="http://www.w3.org/2001/XMLSchema-instance"
          xsi:schemaLocation="http://maven.apache.org/plugins/maven-assembly-plugin/assembly/1.1.0
                              http://maven.apache.org/xsd/assembly-1.1.0.xsd">
  <id>filtered-jar-with-deps</id>
  <formats>
    <format>jar</format>
  </formats>
  <includeBaseDirectory>false</includeBaseDirectory>
  <dependencySets>
    <dependencySet>
      <outputDirectory>/</outputDirectory>
      <useProjectArtifact>true</useProjectArtifact>
      <!-- work around OSX case-sensitivity bug as described
           in https://issues.apache.org/jira/browse/MAHOUT-780 -->
      <unpackOptions>
        <excludes>
          <exclude>META-INF/LICENSE</exclude>
        </excludes>
      </unpackOptions>
      <unpack>true</unpack>
      <scope>compile</scope>
    </dependencySet>
  </dependencySets>
</assembly>
